{"loss": [0.32642191648483276, 0.23544521629810333, 0.20851744711399078], "accuracy": [0.8619028329849243, 0.9033135771751404, 0.9154132008552551], "val_loss": [0.25120195746421814, 0.22479884326457977, 0.21015553176403046], "val_accuracy": [0.8959938287734985, 0.9041602611541748, 0.9104776382446289]}