{"loss": [0.36770501732826233, 0.27359363436698914, 0.23708340525627136], "accuracy": [0.842218816280365, 0.8865947723388672, 0.9000770449638367], "val_loss": [0.2978672385215759, 0.2606970965862274, 0.2373359501361847], "val_accuracy": [0.8721109628677368, 0.8947611451148987, 0.8999999761581421]}