{"loss": [0.29411932826042175, 0.2236281931400299, 0.1990322768688202, 0.18026073276996613, 0.16311347484588623, 0.14780914783477783, 0.1314113438129425, 0.11898548901081085, 0.1505298912525177, 0.17076241970062256], "accuracy": [0.8763782382011414, 0.9076058268547058, 0.9182019829750061, 0.9268531203269958, 0.9343229532241821, 0.9412796497344971, 0.9483556747436523, 0.953510582447052, 0.9420075416564941, 0.9324017763137817], "val_loss": [0.2583402693271637, 0.21104349195957184, 0.19226643443107605, 0.18111403286457062, 0.18396925926208496, 0.16719387471675873, 0.1623164862394333, 0.16635137796401978, 0.23304294049739838, 0.18142494559288025], "val_accuracy": [0.9001540541648865, 0.9158705472946167, 0.9238829016685486, 0.9272727370262146, 0.9235747456550598, 0.934206485748291, 0.9385207891464233, 0.9379044771194458, 0.9053928852081299, 0.9288135766983032]}