{"loss": [0.29411932826042175, 0.2236281931400299, 0.1990322768688202, 0.18026073276996613, 0.16311347484588623, 0.14780914783477783, 0.1314113438129425, 0.11898548901081085, 0.1505298912525177, 0.17076241970062256, 0.19048689305782318, 0.14903362095355988, 0.1459089070558548, 0.12314356863498688, 0.11063461005687714, 0.09836061298847198, 0.09060777723789215, 0.08028468489646912, 0.06935705244541168, 0.0629245713353157, 0.054155170917510986, 0.047300152480602264, 0.04320617392659187, 0.0362757071852684, 0.03357287868857384, 0.031142372637987137, 0.02823241800069809, 0.025526614859700203, 0.04036957025527954, 0.024085789918899536], "accuracy": [0.8763782382011414, 0.9076058268547058, 0.9182019829750061, 0.9268531203269958, 0.9343229532241821, 0.9412796497344971, 0.9483556747436523, 0.953510582447052, 0.9420075416564941, 0.9324017763137817, 0.9232136607170105, 0.9417450428009033, 0.9422820210456848, 0.9523888826370239, 0.9572097063064575, 0.962925374507904, 0.9654908776283264, 0.9705503582954407, 0.9742971658706665, 0.9770058989524841, 0.9804663062095642, 0.9829363822937012, 0.9846904873847961, 0.9871247410774231, 0.9882225394248962, 0.9887714385986328, 0.9899289011955261, 0.9910027980804443, 0.986754834651947, 0.9919335842132568], "val_loss": [0.2583402693271637, 0.21104349195957184, 0.19226643443107605, 0.18111403286457062, 0.18396925926208496, 0.16719387471675873, 0.1623164862394333, 0.16635137796401978, 0.23304294049739838, 0.18142494559288025, 0.14827904105186462, 0.14439766108989716, 0.13680396974086761, 0.1288841813802719, 0.1217108815908432, 0.12373636662960052, 0.12098519504070282, 0.12310292571783066, 0.12871211767196655, 0.12079697847366333, 0.13053908944129944, 0.13316087424755096, 0.14012432098388672, 0.14436160027980804, 0.13652303814888, 0.13743343949317932, 0.1516246795654297, 0.14976291358470917, 0.15227538347244263, 0.15275254845619202], "val_accuracy": [0.9001540541648865, 0.9158705472946167, 0.9238829016685486, 0.9272727370262146, 0.9235747456550598, 0.934206485748291, 0.9385207891464233, 0.9379044771194458, 0.9053928852081299, 0.9288135766983032, 0.9423728585243225, 0.9422187805175781, 0.9460708498954773, 0.9493066072463989, 0.9506933689117432, 0.9528505206108093, 0.9567025899887085, 0.9556240439414978, 0.9516178965568542, 0.958705723285675, 0.9542372822761536, 0.9585516452789307, 0.9568567276000977, 0.9562403559684753, 0.9605547189712524, 0.9620955586433411, 0.9600924253463745, 0.9605547189712524, 0.9597842693328857, 0.9588598012924194]}