,loss,accuracy,val_loss,val_accuracy
0,0.269831120967865,0.8882091045379639,0.19597850739955902,0.9194144606590271
1,0.106256403028965,0.9615961909294128,0.22554261982440948,0.9169491529464722
2,0.06575559079647064,0.9778921008110046,0.2419067770242691,0.9135593175888062
3,0.03988302871584892,0.9863459467887878,0.28549909591674805,0.9124807119369507
